-- MySQL dump 10.13  Distrib 8.0.36, for Win64 (x86_64)
--
-- Host: localhost    Database: billing_software
-- ------------------------------------------------------
-- Server version	8.0.36

/*!40101 SET @OLD_CHARACTER_SET_CLIENT=@@CHARACTER_SET_CLIENT */;
/*!40101 SET @OLD_CHARACTER_SET_RESULTS=@@CHARACTER_SET_RESULTS */;
/*!40101 SET @OLD_COLLATION_CONNECTION=@@COLLATION_CONNECTION */;
/*!50503 SET NAMES utf8 */;
/*!40103 SET @OLD_TIME_ZONE=@@TIME_ZONE */;
/*!40103 SET TIME_ZONE='+00:00' */;
/*!40014 SET @OLD_UNIQUE_CHECKS=@@UNIQUE_CHECKS, UNIQUE_CHECKS=0 */;
/*!40014 SET @OLD_FOREIGN_KEY_CHECKS=@@FOREIGN_KEY_CHECKS, FOREIGN_KEY_CHECKS=0 */;
/*!40101 SET @OLD_SQL_MODE=@@SQL_MODE, SQL_MODE='NO_AUTO_VALUE_ON_ZERO' */;
/*!40111 SET @OLD_SQL_NOTES=@@SQL_NOTES, SQL_NOTES=0 */;

--
-- Table structure for table `company_info`
--

DROP TABLE IF EXISTS `company_info`;
/*!40101 SET @saved_cs_client     = @@character_set_client */;
/*!50503 SET character_set_client = utf8mb4 */;
CREATE TABLE `company_info` (
  `id` int NOT NULL AUTO_INCREMENT,
  `company_name` varchar(255) NOT NULL,
  `company_logo` varchar(255) DEFAULT NULL,
  `address` text,
  `cell_no1` varchar(15) DEFAULT NULL,
  `cell_no2` varchar(15) DEFAULT NULL,
  `gst_no` varchar(20) DEFAULT NULL,
  `pan_no` varchar(20) DEFAULT NULL,
  `account_name` varchar(100) DEFAULT NULL,
  `bank_name` varchar(100) DEFAULT NULL,
  `branch_name` varchar(100) DEFAULT NULL,
  `ifsc_code` varchar(20) DEFAULT NULL,
  `account_number` varchar(30) DEFAULT NULL,
  `email` varchar(100) DEFAULT NULL,
  `website` varchar(100) DEFAULT NULL,
  `created_at` timestamp NULL DEFAULT CURRENT_TIMESTAMP,
  `updated_at` timestamp NULL DEFAULT CURRENT_TIMESTAMP ON UPDATE CURRENT_TIMESTAMP,
  PRIMARY KEY (`id`)
) ENGINE=InnoDB AUTO_INCREMENT=2 DEFAULT CHARSET=utf8mb4 COLLATE=utf8mb4_0900_ai_ci;
/*!40101 SET character_set_client = @saved_cs_client */;

--
-- Dumping data for table `company_info`
--

LOCK TABLES `company_info` WRITE;
/*!40000 ALTER TABLE `company_info` DISABLE KEYS */;
INSERT INTO `company_info` VALUES (1,'SRI VISHNU COIR','1751131196672-sanitizer.jpg',' No.66, GNANIPALAYAM PO., T. VELLODE Via, PERUNDURAI T.K.,  ERODE - 638 112. TAMILNADU','98427 12223','90951 12223','33BBZPV4265P1ZF','33BBZPV4265P1ZF',' SRI VISHNU COIR','AXIS BANK','Erode Main Branch','UTIB0000118','924030058543467','srivishnucoir@gmail.com','mahisha-india-technologies.web.app','2025-06-28 16:57:14','2025-06-29 03:03:45');
/*!40000 ALTER TABLE `company_info` ENABLE KEYS */;
UNLOCK TABLES;

--
-- Table structure for table `customers`
--

DROP TABLE IF EXISTS `customers`;
/*!40101 SET @saved_cs_client     = @@character_set_client */;
/*!50503 SET character_set_client = utf8mb4 */;
CREATE TABLE `customers` (
  `customer_id` int NOT NULL AUTO_INCREMENT,
  `name` varchar(255) NOT NULL,
  `mobile` varchar(20) DEFAULT NULL,
  `gst_number` varchar(20) DEFAULT NULL,
  `address` text,
  `state` varchar(100) DEFAULT NULL,
  `pincode` varchar(10) DEFAULT NULL,
  `place_of_supply` varchar(255) DEFAULT NULL,
  `vehicle_number` varchar(50) DEFAULT NULL,
  `created_at` timestamp NULL DEFAULT CURRENT_TIMESTAMP,
  PRIMARY KEY (`customer_id`),
  UNIQUE KEY `unique_gst` (`gst_number`)
) ENGINE=InnoDB AUTO_INCREMENT=12 DEFAULT CHARSET=utf8mb4 COLLATE=utf8mb4_0900_ai_ci;
/*!40101 SET character_set_client = @saved_cs_client */;

--
-- Dumping data for table `customers`
--

LOCK TABLES `customers` WRITE;
/*!40000 ALTER TABLE `customers` DISABLE KEYS */;
INSERT INTO `customers` VALUES (1,'YOGESH KUMAR S','09080901518','1234567890123ABC','73, BHARATHI STREET, LAKSHMIPURAM, DASSAPPAGOUNDENPUDEU (NALROAD), ERODE, TAMIL NADU - 638 503','Tamil Nadu','638503','Nalroad','TN 36 AB 3882','2025-05-31 17:00:34'),(3,'YOGESH KUMAR S','09080901518','12367890123ABC','73, BHARATHI STREET, LAKSHMIPURAM, DASSAPPAGOUNDENPUDEU (NALROAD), ERODE, TAMIL NADU - 638 503','Tamil Nadu','638503','Nalroad','TN 36 AB 3882','2025-05-31 17:15:00'),(8,'Saravanakumar T','9659650791','12345GSTIN67890','73, Bharathi Street, Lakshmipuram, D.G.Pudur (Nalroad), Sathyamangalam','Tamil Nadu','638 503','Sathyamangalam','TN36 AB3882','2025-06-01 02:10:10'),(9,'Radha S','09080901518','12345GSTIN678','73, BHARATHI STREET, LAKSHMIPURAM, DASSAPPAGOUNDENPUDEU (NALROAD), ERODE, TAMIL NADU - 638 503','Tamil Nadu','638503','Sathyamangalam','TN 36 AB 3882','2025-06-01 09:12:50'),(11,'Vigneshan S','9043421437','12345670123ABC','Teachers Colony, 3rd Street, Pandiyan Nagar, Tirupur - 641 602','Tamil Nadu','641 602','Erode','TN 36 AB 3882','2025-06-13 04:12:01');
/*!40000 ALTER TABLE `customers` ENABLE KEYS */;
UNLOCK TABLES;

--
-- Table structure for table `invoice_items`
--

DROP TABLE IF EXISTS `invoice_items`;
/*!40101 SET @saved_cs_client     = @@character_set_client */;
/*!50503 SET character_set_client = utf8mb4 */;
CREATE TABLE `invoice_items` (
  `item_id` int NOT NULL AUTO_INCREMENT,
  `invoice_id` int NOT NULL,
  `product_id` int NOT NULL,
  `hsn_code` varchar(50) DEFAULT NULL,
  `quantity` int NOT NULL,
  `unit` varchar(50) DEFAULT NULL,
  `rate` decimal(10,2) DEFAULT NULL,
  `gst_percentage` decimal(5,2) DEFAULT NULL,
  `base_amount` decimal(10,2) DEFAULT NULL,
  `total_with_gst` decimal(10,2) DEFAULT NULL,
  PRIMARY KEY (`item_id`),
  KEY `invoice_id` (`invoice_id`),
  KEY `product_id` (`product_id`),
  CONSTRAINT `invoice_items_ibfk_1` FOREIGN KEY (`invoice_id`) REFERENCES `invoices` (`invoice_id`) ON DELETE CASCADE,
  CONSTRAINT `invoice_items_ibfk_2` FOREIGN KEY (`product_id`) REFERENCES `products` (`product_id`)
) ENGINE=InnoDB AUTO_INCREMENT=322 DEFAULT CHARSET=utf8mb4 COLLATE=utf8mb4_0900_ai_ci;
/*!40101 SET character_set_client = @saved_cs_client */;

--
-- Dumping data for table `invoice_items`
--

LOCK TABLES `invoice_items` WRITE;
/*!40000 ALTER TABLE `invoice_items` DISABLE KEYS */;
INSERT INTO `invoice_items` VALUES (1,1,67,'45678',1,'Nos',200.00,12.00,200.00,224.00),(2,3,67,'45678',1,'Nos',200.00,12.00,200.00,224.00),(3,3,61,'25466',1,'Kg',2000.00,0.00,2000.00,2000.00),(4,3,62,'75646',1,'Kg',200.00,0.00,200.00,200.00),(5,3,64,'34556',1,'Kg',100.00,18.00,100.00,118.00),(6,3,65,'08972',1,'Kg',1000.00,20.00,1000.00,1200.00),(7,3,66,'45678',1,'Kg',100.00,18.00,100.00,118.00),(8,5,67,'45678',1,'Nos',200.00,12.00,200.00,224.00),(9,5,58,'34554',1,'Kg',200.00,0.00,200.00,200.00),(10,5,61,'25466',1,'Kg',2000.00,0.00,2000.00,2000.00),(11,5,62,'75646',1,'Kg',200.00,0.00,200.00,200.00),(12,6,67,'45678',1,'Nos',200.00,12.00,200.00,224.00),(13,6,62,'75646',1,'Kg',200.00,0.00,200.00,200.00),(14,6,64,'34556',1,'Kg',100.00,18.00,100.00,118.00),(15,6,65,'08972',1,'Kg',1000.00,20.00,1000.00,1200.00),(16,7,67,'45678',1,'Nos',200.00,12.00,200.00,224.00),(17,9,67,'45678',1,'Nos',200.00,12.00,200.00,224.00),(18,10,67,'45678',1,'Nos',200.00,12.00,200.00,224.00),(19,11,67,'45678',15,'Nos',200.00,12.00,3000.00,3360.00),(20,12,67,'45678',1,'Nos',200.00,12.00,200.00,224.00),(21,13,62,'75646',17,'Kg',200.00,0.00,3400.00,3400.00),(22,13,64,'34556',19,'Kg',100.00,18.00,1900.00,2242.00),(23,13,65,'08972',13,'Kg',1000.00,20.00,13000.00,15600.00),(24,13,66,'45678',15,'Kg',100.00,18.00,1500.00,1770.00),(25,13,67,'45678',10,'Kg',200.00,12.00,2000.00,2240.00),(26,15,62,'75646',17,'Kg',200.00,0.00,3400.00,3400.00),(27,15,64,'34556',19,'Kg',100.00,18.00,1900.00,2242.00),(28,15,65,'08972',13,'Kg',1000.00,20.00,13000.00,15600.00),(29,15,66,'45678',15,'Kg',100.00,18.00,1500.00,1770.00),(30,15,67,'45678',10,'Kg',200.00,12.00,2000.00,2240.00),(31,16,66,'45678',1,'Nos',100.00,18.00,100.00,118.00),(32,17,67,'45678',107,'Nos',200.00,12.00,21400.00,23968.00),(33,18,67,'45678',61,'Nos',200.00,12.00,12200.00,13664.00),(34,19,58,'34554',32,'Nos',200.00,0.00,6400.00,6400.00),(35,20,58,'34554',100,'Nos',200.00,0.00,20000.00,20000.00),(36,21,66,'45678',10,'Nos',100.00,18.00,1000.00,1180.00),(37,22,66,'45678',1,'Nos',100.00,18.00,100.00,118.00),(38,23,67,'45678',1,'Nos',200.00,12.00,200.00,224.00),(39,24,62,'75646',1,'Nos',200.00,0.00,200.00,200.00),(40,26,67,'45678',1,'Nos',200.00,12.00,200.00,224.00),(41,28,66,'45678',1,'Kg',100.00,18.00,100.00,118.00),(42,28,64,'34556',1,'Nos',100.00,18.00,100.00,118.00),(43,29,66,'45678',1,'Nos',100.00,18.00,100.00,118.00),(44,30,66,'45678',1,'Nos',100.00,18.00,100.00,118.00),(45,31,66,'45678',1,'Nos',100.00,18.00,100.00,118.00),(46,32,66,'45678',1,'Nos',100.00,18.00,100.00,118.00),(47,33,66,'45678',1,'Nos',100.00,18.00,100.00,118.00),(48,34,62,'75646',1,'Kg',200.00,0.00,200.00,200.00),(49,34,64,'34556',1,'Kg',100.00,18.00,100.00,118.00),(50,34,65,'08972',1,'Kg',1000.00,20.00,1000.00,1200.00),(51,34,66,'45678',1,'Kg',100.00,18.00,100.00,118.00),(52,34,67,'45678',1,'Kg',200.00,12.00,200.00,224.00),(53,35,66,'45678',1,'Nos',100.00,18.00,100.00,118.00),(54,36,66,'45678',1,'Nos',100.00,18.00,100.00,118.00),(55,37,64,'34556',1,'Nos',100.00,18.00,100.00,118.00),(56,38,66,'45678',1,'Nos',100.00,18.00,100.00,118.00),(57,39,65,'08972',1,'Nos',1000.00,20.00,1000.00,1200.00),(58,39,66,'45678',1,'Nos',100.00,18.00,100.00,118.00),(59,39,61,'25466',1,'Kg',2000.00,0.00,2000.00,2000.00),(60,39,62,'75646',1,'Kg',200.00,0.00,200.00,200.00),(61,39,64,'34556',1,'Kg',100.00,18.00,100.00,118.00),(62,40,66,'45678',9,'Nos',100.00,18.00,900.00,1062.00),(63,40,61,'25466',1,'Kg',2000.00,0.00,2000.00,2000.00),(64,40,62,'75646',1,'Kg',200.00,0.00,200.00,200.00),(65,40,64,'34556',1,'Kg',100.00,18.00,100.00,118.00),(66,40,65,'08972',1,'Kg',1000.00,20.00,1000.00,1200.00),(67,41,64,'34556',1,'Nos',100.00,18.00,100.00,118.00),(68,41,62,'75646',1,'Kg',200.00,0.00,200.00,200.00),(69,41,65,'08972',1,'Kg',1000.00,20.00,1000.00,1200.00),(70,41,66,'45678',1,'Kg',100.00,18.00,100.00,118.00),(71,42,64,'34556',1,'Nos',100.00,18.00,100.00,118.00),(72,43,61,'25466',1,'Nos',2000.00,0.00,2000.00,2000.00),(73,44,66,'45678',1,'Nos',100.00,18.00,100.00,118.00),(74,44,64,'34556',1,'Kg',100.00,18.00,100.00,118.00),(75,44,65,'08972',1,'Kg',1000.00,20.00,1000.00,1200.00),(76,45,66,'45678',1,'Nos',100.00,18.00,100.00,118.00),(77,45,62,'75646',1,'Kg',200.00,0.00,200.00,200.00),(78,45,64,'34556',1,'Kg',100.00,18.00,100.00,118.00),(79,45,65,'08972',1,'Kg',1000.00,20.00,1000.00,1200.00),(80,46,66,'45678',1,'Nos',100.00,18.00,100.00,118.00),(81,47,61,'25466',1,'Nos',2000.00,0.00,2000.00,2000.00),(82,48,61,'25466',1,'Nos',2000.00,0.00,2000.00,2000.00),(83,49,58,'34554',5,'Nos',200.00,0.00,1000.00,1000.00),(84,50,64,'34556',1,'Nos',100.00,18.00,100.00,118.00),(85,51,61,'25466',10,'Nos',2000.00,0.00,20000.00,20000.00),(86,52,61,'25466',10,'Nos',2000.00,0.00,20000.00,20000.00),(87,53,61,'25466',1,'Nos',2000.00,0.00,2000.00,2000.00),(88,54,66,'45678',10,'Nos',100.00,18.00,1000.00,1180.00),(89,55,64,'34556',10,'Nos',100.00,18.00,1000.00,1180.00),(90,56,67,'45678',10,'Nos',200.00,12.00,2000.00,2240.00),(91,57,64,'34556',1,'Kg',100.00,18.00,100.00,118.00),(92,57,65,'08972',1,'Kg',1000.00,20.00,1000.00,1200.00),(93,57,66,'45678',1,'Kg',100.00,18.00,100.00,118.00),(94,57,67,'45678',1,'Kg',200.00,12.00,200.00,224.00),(95,58,65,'08972',1,'Kg',1000.00,20.00,1000.00,1200.00),(96,58,66,'45678',1,'Kg',100.00,18.00,100.00,118.00),(97,58,67,'45678',1,'Kg',200.00,12.00,200.00,224.00),(98,59,65,'08972',1,'Nos',1000.00,20.00,1000.00,1200.00),(99,60,62,'75646',1,'Kg',200.00,0.00,200.00,200.00),(100,60,64,'34556',1,'Kg',100.00,18.00,100.00,118.00),(101,60,65,'08972',1,'Kg',1000.00,20.00,1000.00,1200.00),(102,60,66,'45678',1,'Kg',100.00,18.00,100.00,118.00),(103,60,67,'45678',1,'Kg',200.00,12.00,200.00,224.00),(104,61,66,'45678',1,'Kg',100.00,18.00,100.00,118.00),(105,61,69,'12345',1,'Kg',1200.00,12.00,1200.00,1344.00),(106,62,69,'12345',118,'Nos',1200.00,12.00,141600.00,158592.00),(110,64,67,'45678',1,'Kg',200.00,12.00,200.00,224.00),(111,64,65,'08972',1,'Nos',1000.00,20.00,1000.00,1200.00),(112,64,70,'12345',1,'Kg',1200.00,12.00,1200.00,1344.00),(113,65,66,'45678',1,'Nos',100.00,18.00,100.00,118.00),(114,65,28,'12345',1,'Kg',499.00,0.00,499.00,499.00),(115,65,49,'32555',1,'Kg',299.00,0.00,299.00,299.00),(116,65,52,'25442',1,'Kg',199.00,0.00,199.00,199.00),(117,65,55,'34254',1,'Kg',199.00,0.00,199.00,199.00),(118,65,57,'25344',1,'Kg',799.00,0.00,799.00,799.00),(119,66,21,'12345',1,'Kg',599.00,0.00,599.00,599.00),(120,66,28,'12345',1,'Kg',499.00,0.00,499.00,499.00),(121,66,41,'86786',1,'Kg',1299.00,0.00,1299.00,1299.00),(122,66,42,'32897',1,'Kg',900.00,0.00,900.00,900.00),(123,66,43,'37289',1,'Kg',900.00,0.00,900.00,900.00),(124,66,44,'29749',1,'Kg',1799.00,0.00,1799.00,1799.00),(125,66,45,'24787',1,'Kg',999.00,0.00,999.00,999.00),(126,66,46,'48723',1,'Kg',2199.00,0.00,2199.00,2199.00),(127,66,47,'48728',1,'Kg',799.00,0.00,799.00,799.00),(128,66,49,'32555',1,'Kg',299.00,0.00,299.00,299.00),(129,66,51,'32445',1,'Kg',2199.00,0.00,2199.00,2199.00),(130,66,52,'25442',1,'Kg',199.00,0.00,199.00,199.00),(131,66,53,'56532',1,'Kg',1199.00,0.00,1199.00,1199.00),(132,66,55,'34254',1,'Kg',199.00,0.00,199.00,199.00),(133,66,56,'87685',1,'Kg',1499.00,0.00,1499.00,1499.00),(134,66,57,'25344',1,'Kg',799.00,0.00,799.00,799.00),(135,66,58,'34554',1,'Kg',200.00,0.00,200.00,200.00),(136,66,61,'25466',1,'Kg',2000.00,0.00,2000.00,2000.00),(137,66,62,'75646',1,'Kg',200.00,0.00,200.00,200.00),(138,66,64,'34556',1,'Kg',100.00,18.00,100.00,118.00),(139,66,65,'08972',1,'Kg',1000.00,20.00,1000.00,1200.00),(140,66,66,'45678',1,'Kg',100.00,18.00,100.00,118.00),(141,66,67,'45678',1,'Kg',200.00,12.00,200.00,224.00),(142,66,69,'12345',1,'Kg',1200.00,12.00,1200.00,1344.00),(143,66,70,'12367',1,'Kg',1200.00,12.00,1200.00,1344.00),(144,67,69,'12345',1,'Nos',1200.00,12.00,1200.00,1344.00),(145,68,70,'12367',1,'Nos',1200.00,12.00,1200.00,1344.00),(146,69,70,'12367',1,'Nos',1200.00,12.00,1200.00,1344.00),(147,69,69,'12345',1,'Kg',1200.00,12.00,1200.00,1344.00),(148,70,66,'45678',1,'Kg',100.00,18.00,100.00,118.00),(149,70,67,'45678',1,'Kg',200.00,12.00,200.00,224.00),(150,70,69,'12345',1,'Kg',1200.00,12.00,1200.00,1344.00),(151,70,70,'12367',1,'Kg',1200.00,12.00,1200.00,1344.00),(152,71,62,'75646',1,'Nos',200.00,0.00,200.00,200.00),(153,71,64,'34556',1,'Nos',100.00,18.00,100.00,118.00),(154,71,67,'45678',1,'Nos',200.00,12.00,200.00,224.00),(155,72,69,'12345',1,'Nos',1200.00,12.00,1200.00,1344.00),(156,73,67,'45678',100,'Nos',200.00,12.00,20000.00,22400.00),(158,75,69,'12345',1,'Nos',1200.00,12.00,1200.00,1344.00),(159,76,62,'75646',1,'Nos',200.00,0.00,200.00,200.00),(160,77,69,'12345',1,'Nos',1200.00,12.00,1200.00,1344.00),(161,78,66,'45678',1,'Nos',100.00,18.00,100.00,118.00),(162,79,66,'45678',1,'Nos',100.00,18.00,100.00,118.00),(163,80,66,'45678',1,'Nos',100.00,18.00,100.00,118.00),(164,80,55,'34254',1,'Nos',199.00,0.00,199.00,199.00),(165,80,62,'75646',1,'Kg',200.00,0.00,200.00,200.00),(166,80,64,'34556',1,'Kg',100.00,18.00,100.00,118.00),(167,80,65,'08972',1,'Kg',1000.00,20.00,1000.00,1200.00),(168,80,67,'45678',1,'Kg',200.00,12.00,200.00,224.00),(169,80,69,'12345',1,'Kg',1200.00,12.00,1200.00,1344.00),(170,80,70,'12367',1,'Kg',1200.00,12.00,1200.00,1344.00),(171,81,69,'12345',1,'Nos',1200.00,12.00,1200.00,1344.00),(197,83,21,'12345',1,'Kg',599.00,0.00,599.00,599.00),(198,83,28,'12345',1,'Kg',499.00,0.00,499.00,499.00),(199,83,41,'86786',1,'Kg',1299.00,0.00,1299.00,1299.00),(200,83,42,'32897',1,'Kg',900.00,0.00,900.00,900.00),(201,83,43,'37289',1,'Kg',900.00,0.00,900.00,900.00),(202,83,44,'29749',1,'Kg',1799.00,0.00,1799.00,1799.00),(203,83,45,'24787',1,'Kg',999.00,0.00,999.00,999.00),(204,83,46,'48723',1,'Kg',2199.00,0.00,2199.00,2199.00),(205,83,47,'48728',1,'Kg',799.00,0.00,799.00,799.00),(206,83,49,'32555',1,'Kg',299.00,0.00,299.00,299.00),(207,83,51,'32445',1,'Kg',2199.00,0.00,2199.00,2199.00),(208,83,52,'25442',1,'Kg',199.00,0.00,199.00,199.00),(209,83,53,'56532',1,'Kg',1199.00,0.00,1199.00,1199.00),(210,83,55,'34254',1,'Kg',199.00,0.00,199.00,199.00),(211,83,56,'87685',1,'Kg',1499.00,0.00,1499.00,1499.00),(212,83,57,'25344',1,'Kg',799.00,0.00,799.00,799.00),(213,83,58,'34554',1,'Kg',200.00,0.00,200.00,200.00),(214,83,61,'25466',1,'Kg',2000.00,0.00,2000.00,2000.00),(215,83,62,'75646',1,'Kg',200.00,0.00,200.00,200.00),(216,83,64,'34556',1,'Kg',100.00,18.00,100.00,118.00),(217,83,65,'08972',1,'Kg',1000.00,20.00,1000.00,1200.00),(218,83,66,'45678',1,'Kg',100.00,18.00,100.00,118.00),(219,83,67,'45678',1,'Kg',200.00,12.00,200.00,224.00),(220,83,69,'12345',1,'Kg',1200.00,12.00,1200.00,1344.00),(221,83,70,'12367',1,'Kg',1200.00,12.00,1200.00,1344.00),(222,84,70,'12367',1,'Nos',1200.00,12.00,1200.00,1344.00),(223,84,67,'45678',1,'Nos',200.00,12.00,200.00,224.00),(224,84,66,'45678',1,'Kg',100.00,18.00,100.00,118.00),(225,84,69,'12345',1,'Kg',1200.00,12.00,1200.00,1344.00),(226,85,70,'12367',1,'Nos',1200.00,12.00,1200.00,1344.00),(227,85,69,'12345',1,'Kg',1200.00,12.00,1200.00,1344.00),(228,86,67,'45678',1,'Nos',200.00,12.00,200.00,224.00),(229,87,65,'08972',1,'Nos',1000.00,20.00,1000.00,1200.00),(230,88,70,'12367',1,'Nos',1200.00,12.00,1200.00,1344.00),(231,89,70,'12367',1,'Nos',1200.00,12.00,1200.00,1344.00),(232,90,70,'12367',1,'Nos',1080.00,12.00,1080.00,1209.60),(233,91,70,'12367',10,'Nos',1080.00,12.00,10800.00,12096.00),(234,91,66,'45678',1,'Kg',100.00,18.00,100.00,118.00),(235,91,67,'45678',1,'Kg',146.00,12.00,200.00,224.00),(236,91,69,'12345',1,'Kg',1044.00,12.00,1200.00,1344.00),(237,92,70,'12367',10,'Kg',1080.00,12.00,10800.00,12096.00),(238,93,70,'12367',1,'Nos',1080.00,12.00,1080.00,1209.60),(239,93,41,'86786',1,'Kg',1299.00,0.00,1299.00,1299.00),(240,93,42,'32897',1,'Kg',900.00,0.00,900.00,900.00),(241,93,43,'37289',12,'Kg',900.00,0.00,10800.00,10800.00),(242,93,58,'34554',1,'Kg',200.00,0.00,200.00,200.00),(243,93,61,'25466',1,'Kg',2000.00,0.00,2000.00,2000.00),(244,93,62,'75646',1,'Kg',200.00,0.00,200.00,200.00),(245,93,64,'34556',1,'Kg',100.00,18.00,100.00,118.00),(246,93,65,'08972',1,'Kg',1000.00,20.00,1000.00,1200.00),(247,93,66,'45678',1,'Kg',100.00,18.00,100.00,118.00),(248,93,67,'45678',1,'Kg',146.00,12.00,146.00,163.52),(249,93,69,'12345',1,'Kg',1044.00,12.00,1044.00,1169.28),(250,93,74,'12345',1,'Kg',2552.00,12.00,2552.00,2858.24),(251,94,70,'12367',1,'Nos',1080.00,12.00,1080.00,1209.60),(252,94,66,'45678',1,'Kg',100.00,18.00,100.00,118.00),(253,94,67,'45678',1,'Kg',146.00,12.00,146.00,163.52),(254,94,69,'12345',1,'Kg',1044.00,12.00,1044.00,1169.28),(255,95,70,'12367',1,'Nos',1080.00,12.00,1080.00,1209.60),(256,96,70,'12367',1,'Nos',1080.00,12.00,1080.00,1209.60),(257,96,65,'08972',1,'Kg',1000.00,20.00,1000.00,1200.00),(258,96,66,'45678',1,'Kg',100.00,18.00,100.00,118.00),(259,96,67,'45678',1,'Kg',146.00,12.00,146.00,163.52),(260,96,69,'12345',1,'Kg',1044.00,12.00,1044.00,1169.28),(261,96,74,'12345',1,'Kg',2552.00,12.00,2552.00,2858.24),(262,97,21,'12345',1,'Kg',599.00,0.00,599.00,599.00),(263,97,28,'12345',1,'Kg',499.00,0.00,499.00,499.00),(264,97,41,'86786',1,'Kg',1299.00,0.00,1299.00,1299.00),(265,97,42,'32897',1,'Kg',900.00,0.00,900.00,900.00),(266,97,43,'37289',1,'Kg',900.00,0.00,900.00,900.00),(267,97,44,'29749',1,'Kg',1799.00,0.00,1799.00,1799.00),(268,97,45,'24787',1,'Kg',999.00,0.00,999.00,999.00),(269,97,46,'48723',1,'Kg',2199.00,0.00,2199.00,2199.00),(270,97,47,'48728',1,'Kg',799.00,0.00,799.00,799.00),(271,97,49,'32555',1,'Kg',299.00,0.00,299.00,299.00),(272,97,51,'32445',1,'Kg',2199.00,0.00,2199.00,2199.00),(273,97,52,'25442',1,'Kg',199.00,0.00,199.00,199.00),(274,97,53,'56532',1,'Kg',1199.00,0.00,1199.00,1199.00),(275,97,55,'34254',1,'Kg',199.00,0.00,199.00,199.00),(276,97,56,'87685',1,'Kg',1499.00,0.00,1499.00,1499.00),(277,97,57,'25344',1,'Kg',799.00,0.00,799.00,799.00),(278,97,58,'34554',1,'Kg',200.00,0.00,200.00,200.00),(279,97,61,'25466',1,'Kg',2000.00,0.00,2000.00,2000.00),(280,97,62,'75646',1,'Kg',200.00,0.00,200.00,200.00),(281,97,64,'34556',1,'Kg',100.00,18.00,100.00,118.00),(282,97,65,'08972',1,'Kg',1000.00,20.00,1000.00,1200.00),(283,97,66,'45678',1,'Kg',100.00,18.00,100.00,118.00),(284,97,67,'45678',1,'Kg',146.00,12.00,146.00,163.52),(285,97,69,'12345',1,'Kg',1044.00,12.00,1044.00,1169.28),(286,97,70,'12367',1,'Kg',1080.00,12.00,1080.00,1209.60),(287,97,74,'12345',3,'Kg',2552.00,12.00,7656.00,8574.72),(292,100,66,'45678',1,'Kg',100.00,18.00,100.00,118.00),(293,100,67,'45678',1,'Kg',146.00,12.00,146.00,163.52),(294,100,69,'12345',1,'Kg',1044.00,12.00,1044.00,1169.28),(295,100,70,'12367',1,'Kg',1080.00,12.00,1080.00,1209.60),(296,101,65,'08972',1,'Kg',1000.00,20.00,1000.00,1200.00),(297,101,66,'45678',1,'Kg',100.00,18.00,100.00,118.00),(298,101,67,'45678',1,'Kg',146.00,12.00,146.00,163.52),(299,101,69,'12345',1,'Kg',1044.00,12.00,1044.00,1169.28),(300,101,70,'12367',1,'Kg',1080.00,12.00,1080.00,1209.60),(301,102,74,'12345',5,'Nos',2552.00,12.00,12760.00,14291.20),(302,102,70,'12367',1,'Nos',1080.00,12.00,1080.00,1209.60),(303,102,66,'45678',1,'Kg',100.00,18.00,100.00,118.00),(304,102,67,'45678',1,'Kg',146.00,12.00,146.00,163.52),(305,102,69,'12345',3,'Kg',1044.00,12.00,3132.00,3507.84),(306,103,70,'12367',1,'Nos',1080.00,12.00,1080.00,1209.60),(307,103,74,'12345',1,'Nos',2552.00,12.00,2552.00,2858.24),(308,103,45,'24787',1,'Nos',999.00,0.00,999.00,999.00),(309,104,66,'45678',1,'Nos',100.00,18.00,100.00,118.00),(310,104,64,'34556',1,'Kg',100.00,18.00,100.00,118.00),(311,104,65,'08972',1,'Kg',1000.00,20.00,1000.00,1200.00),(312,104,67,'45678',1,'Kg',146.00,12.00,146.00,163.52),(313,104,69,'12345',1,'Kg',1044.00,12.00,1044.00,1169.28),(314,104,70,'12367',1,'Kg',1080.00,12.00,1080.00,1209.60),(315,106,69,'12345',1,'Nos',1044.00,12.00,1044.00,1169.28),(316,106,66,'45678',1,'Nos',100.00,18.00,100.00,118.00),(317,106,74,'12345',1,'Nos',2552.00,12.00,2552.00,2858.24),(319,108,70,'12367',1,'Nos',1080.00,12.00,1080.00,1209.60),(320,108,74,'12345',1,'Nos',2552.00,12.00,2552.00,2858.24),(321,108,64,'34556',1,'Nos',100.00,18.00,100.00,118.00);
/*!40000 ALTER TABLE `invoice_items` ENABLE KEYS */;
UNLOCK TABLES;

--
-- Table structure for table `invoices`
--

DROP TABLE IF EXISTS `invoices`;
/*!40101 SET @saved_cs_client     = @@character_set_client */;
/*!50503 SET character_set_client = utf8mb4 */;
CREATE TABLE `invoices` (
  `invoice_id` int NOT NULL AUTO_INCREMENT,
  `customer_id` int DEFAULT NULL,
  `invoice_number` varchar(50) NOT NULL,
  `invoice_date` date NOT NULL,
  `place_of_supply` varchar(255) DEFAULT NULL,
  `vehicle_number` varchar(50) DEFAULT NULL,
  `subtotal` decimal(10,2) DEFAULT NULL,
  `gst_percentage` decimal(5,2) DEFAULT NULL,
  `gst_amount` decimal(10,2) DEFAULT NULL,
  `cgst_amount` decimal(10,2) DEFAULT NULL,
  `sgst_amount` decimal(10,2) DEFAULT NULL,
  `discount_type` enum('%','flat') DEFAULT '%',
  `discount_value` decimal(10,2) DEFAULT NULL,
  `transport_charge` decimal(10,2) DEFAULT NULL,
  `total_amount` decimal(10,2) DEFAULT NULL,
  `created_by` int DEFAULT NULL,
  `created_at` timestamp NULL DEFAULT CURRENT_TIMESTAMP,
  `payment_type` enum('Cash','Online','Advance') DEFAULT 'Cash',
  `advance_amount` decimal(10,2) DEFAULT '0.00',
  PRIMARY KEY (`invoice_id`),
  UNIQUE KEY `invoice_number` (`invoice_number`),
  KEY `customer_id` (`customer_id`),
  KEY `created_by` (`created_by`),
  CONSTRAINT `invoices_ibfk_1` FOREIGN KEY (`customer_id`) REFERENCES `customers` (`customer_id`),
  CONSTRAINT `invoices_ibfk_2` FOREIGN KEY (`created_by`) REFERENCES `users` (`user_id`),
  CONSTRAINT `invoices_chk_1` CHECK ((`advance_amount` >= 0))
) ENGINE=InnoDB AUTO_INCREMENT=109 DEFAULT CHARSET=utf8mb4 COLLATE=utf8mb4_0900_ai_ci;
/*!40101 SET character_set_client = @saved_cs_client */;

--
-- Dumping data for table `invoices`
--

LOCK TABLES `invoices` WRITE;
/*!40000 ALTER TABLE `invoices` DISABLE KEYS */;
INSERT INTO `invoices` VALUES (1,1,'fuyfyutftyyfygyuuh','2025-05-24','Nalroad','TN 36 AB 3882',200.00,18.00,34.20,17.10,17.10,'%',10.00,0.00,214.00,1,'2025-01-31 17:00:34','Cash',0.00),(3,3,'6565658656467','2025-05-31','Nalroad','TN 36 AB 3882',3600.00,18.00,570.24,285.12,285.12,'%',432.00,2999.99,6427.99,1,'2025-05-31 17:15:00','Cash',0.00),(5,1,'65656586564','2025-05-31','Nalroad','TN 36 AB 3882',2600.00,18.00,411.84,205.92,205.92,'%',312.00,2999.98,5311.98,1,'2025-06-01 01:10:50','Cash',0.00),(6,1,'INV-20250601-1748740926868','2025-05-31','Nalroad','TN 36 AB 3882',1500.00,18.00,237.60,118.80,118.80,'%',180.00,4000.00,5562.00,1,'2025-06-01 01:22:48','Cash',0.00),(7,1,'INV-20250601-1748740973029','2025-05-31','Nalroad','TN 36 AB 3882',200.00,18.00,31.68,15.84,15.84,'%',24.00,0.00,200.00,1,'2025-05-01 01:23:21','Cash',0.00),(9,1,'INV-20250601-1748741376091','2025-05-31','Nalroad','TN 36 AB 3882',200.00,18.00,31.68,15.84,15.84,'%',24.00,3400.00,3600.00,1,'2025-05-01 01:30:07','Cash',0.00),(10,1,'INV-20250601-1748741920685','2025-06-30','Nalroad','TN 36 AB 3882',200.00,18.00,34.20,17.10,17.10,'%',10.00,0.00,214.00,1,'2025-05-01 01:40:39','Cash',0.00),(11,1,'INV-20250601-1748742465517','2025-06-02','Nalroad','TN 36 AB 3882',3000.00,18.00,513.00,256.50,256.50,'%',150.00,299.98,3509.98,1,'2023-09-01 01:48:19','Cash',0.00),(12,1,'INV-20250601-1748742499363','2025-06-01','Nalroad','TN 36 AB 3882',0.00,18.00,34.20,17.10,17.10,'%',10.00,300.00,514.00,1,'2023-09-01 01:58:25','Cash',0.00),(13,8,'INV-20250601-1748743599737','2025-06-01','Sathyamangalam','TN36 AB3882',0.00,18.00,3531.60,1765.80,1765.80,'%',2180.00,12000.00,35072.00,1,'2024-09-01 02:10:10','Cash',0.00),(15,8,'INV-20250601-17487435997','2025-06-01','Sathyamangalam','TN36 AB3882',0.00,18.00,3531.60,1765.80,1765.80,'%',2180.00,12000.00,35072.00,1,'2024-01-01 02:12:14','Cash',0.00),(16,8,'INV-20250601-1748751160136','2025-06-01','Sathyamangalam','TN36 AB3882',0.00,18.00,16.20,8.10,8.10,'%',10.00,0.00,108.00,1,'2025-06-01 04:13:21','Cash',0.00),(17,8,'INV-20250601-1748751209392','2025-06-01','Sathyamangalam','TN36 AB3882',0.00,18.00,3466.80,1733.40,1733.40,'%',2140.00,0.00,21828.00,1,'2025-06-01 04:14:12','Cash',0.00),(18,8,'INV-20250601-1748751256399','2025-06-01','Sathyamangalam','TN36 AB3882',0.00,18.00,1976.40,988.20,988.20,'%',1220.00,0.00,12444.00,1,'2025-06-01 04:15:23','Cash',0.00),(19,8,'INV-20250601-1748751370023','2025-06-01','Sathyamangalam','TN36 AB3882',0.00,18.00,1036.80,518.40,518.40,'%',640.00,1000.00,6760.00,1,'2025-06-01 04:16:51','Cash',0.00),(20,1,'INV-20250601-1748751411037','2025-06-01','Nalroad','TN 36 AB 3882',0.00,18.00,3420.00,1710.00,1710.00,'%',1000.00,0.00,19000.00,1,'2025-06-01 04:18:20','Cash',0.00),(21,1,'INV-20250601-1748751830144','2025-06-01','Nalroad','TN 36 AB 3882',0.00,18.00,171.00,85.50,85.50,'%',50.00,0.00,1130.00,1,'2025-06-01 04:24:15','Cash',0.00),(22,1,'INV-20250601-1748761940851','2025-06-01','Nalroad','TN 36 AB 3882',0.00,0.00,0.00,0.00,0.00,'%',0.00,0.00,0.00,1,'2025-06-01 07:13:07','Cash',0.00),(23,1,'INV-20250601-1748761987516','2025-06-01','Nalroad','TN 36 AB 3882',0.00,0.00,0.00,0.00,0.00,'%',0.00,0.00,0.00,1,'2025-06-01 07:15:08','Cash',0.00),(24,1,'INV-20250601-1748763261877','2025-06-01','Nalroad','TN 36 AB 3882',0.00,0.00,0.00,0.00,0.00,'%',0.00,0.00,0.00,1,'2025-06-01 07:58:22','Cash',0.00),(26,1,'INV-20250601-1748765199308','2025-06-01','Nalroad','TN 36 AB 3882',0.00,0.00,0.00,0.00,0.00,'%',0.00,0.00,0.00,1,'2025-06-01 08:07:16','Cash',0.00),(28,1,'INV-20250601-1748765465881','2025-06-01','Nalroad','TN 36 AB 3882',0.00,0.00,0.00,0.00,0.00,'%',0.00,0.00,0.00,1,'2025-06-01 08:11:51','Cash',0.00),(29,1,'INV-20250601-1748766305788','2025-06-01','Nalroad','TN 36 AB 3882',0.00,0.00,0.00,0.00,0.00,'%',0.00,0.00,0.00,1,'2025-06-01 08:26:03','Cash',0.00),(30,8,'INV-20250601-1748767094990','2025-06-01','Sathyamangalam','TN 36 AB 3882',0.00,0.00,0.00,0.00,0.00,'%',0.00,0.00,0.00,1,'2025-06-01 08:38:46','Cash',0.00),(31,1,'INV-20250601-1748767240280','2025-06-01','Nalroad','TN 36 AB 3882',0.00,0.00,0.00,0.00,0.00,'%',0.00,0.00,0.00,1,'2025-06-01 08:41:07','Cash',0.00),(32,8,'INV-20250601-1748767607822','2025-06-01','Sathyamangalam','TN36 AB3882',0.00,0.00,0.00,0.00,0.00,'%',0.00,0.00,0.00,1,'2025-06-01 08:47:05','Cash',0.00),(33,8,'INV-20250601-1748768556058','2025-06-01','Sathyamangalam','TN36 AB3882',0.00,0.00,0.00,0.00,0.00,'%',0.00,0.00,0.00,1,'2025-06-01 09:07:26','Cash',0.00),(34,9,'INV-20250601-1748769117049','2025-06-01','Sathyamangalam','TN 36 AB 3882',0.00,0.00,0.00,0.00,0.00,'%',0.00,0.00,0.00,1,'2025-06-01 09:12:50','Cash',0.00),(35,8,'INV-20250601-1748769170368','2025-06-01','Sathyamangalam','TN 36 AB 3882',0.00,0.00,0.00,0.00,0.00,'%',0.00,0.00,0.00,1,'2025-06-01 09:17:46','Cash',0.00),(36,1,'INV-20250601-1748770042648','2025-06-01','Nalroad','TN 36 AB 3882',0.00,0.00,0.00,0.00,0.00,'%',0.00,0.00,0.00,1,'2025-06-01 09:27:37','Cash',0.00),(37,1,'INV-20250601-1748771610158','2025-06-01','Nalroad','TN 36 AB 3882',0.00,0.00,0.00,0.00,0.00,'%',0.00,0.00,0.00,1,'2025-06-01 09:58:36','Cash',0.00),(38,1,'INV-20250601-1748771916719','2025-06-01','Nalroad','TN 36 AB 3882',118.00,0.00,18.00,9.00,9.00,'%',0.00,0.00,118.00,1,'2025-06-01 10:04:07','Cash',0.00),(39,1,'INV-20250601-1748772334385','2025-06-01','Nalroad','TN 36 AB 3882',3636.00,0.00,236.00,118.00,118.00,'%',0.00,0.00,3636.00,1,'2025-06-01 10:07:28','Cash',0.00),(40,1,'INV-20250601-1748772814924','2025-06-01','Nalroad','TN 36 AB 3882',4580.00,380.00,380.00,190.00,190.00,'%',0.00,0.00,4580.00,1,'2025-06-01 10:14:47','Cash',0.00),(41,1,'INV-20250601-1748773121861','2025-06-01','Nalroad','TN 36 AB 3882',1636.00,236.00,236.00,118.00,118.00,'%',0.00,0.00,1636.00,1,'2025-06-01 10:28:11','Cash',0.00),(42,1,'INV-20250601-1748773691975','2025-06-01','Nalroad','TN 36 AB 3882',118.00,18.00,18.00,9.00,9.00,'%',0.00,0.00,118.00,1,'2025-06-01 10:31:31','Cash',0.00),(43,1,'INV-20250601-1748773891204','2025-06-01','Nalroad','TN 36 AB 3882',2000.00,0.00,0.00,0.00,0.00,'%',0.00,0.00,2000.00,1,'2025-06-01 10:33:17','Cash',0.00),(44,1,'INV-20250601-1748780874792','2025-06-01','Nalroad','TN 36 AB 3882',1436.00,236.00,236.00,118.00,118.00,'%',0.00,0.00,1436.00,1,'2025-06-01 12:28:23','Cash',0.00),(45,1,'INV-20250601-1748781118706','2025-06-01','Nalroad','TN 36 AB 3882',1636.00,236.00,236.00,118.00,118.00,'%',0.00,0.00,1636.00,1,'2025-06-01 12:32:31','Cash',0.00),(46,1,'INV-20250601-1748781328251','2025-06-01','Nalroad','TN 36 AB 3882',118.00,18.00,18.00,9.00,9.00,'%',0.00,0.00,118.00,1,'2025-06-01 12:39:47','Cash',0.00),(47,1,'INV-20250601-1748781588297','2025-06-01','Nalroad','TN 36 AB 3882',2000.00,0.00,0.00,0.00,0.00,'%',0.00,0.00,2000.00,1,'2025-06-01 12:42:56','Cash',0.00),(48,1,'INV-20250601-1748781776346','2025-06-01','Nalroad','TN 36 AB 3882',2000.00,0.00,0.00,0.00,0.00,'%',0.00,0.00,2000.00,1,'2025-06-01 12:44:09','Cash',0.00),(49,1,'INV-20250601-1748783318567','2025-06-01','Nalroad','TN 36 AB 3882',1000.00,0.00,0.00,0.00,0.00,'%',0.00,0.00,1000.00,1,'2025-06-01 13:11:07','Cash',0.00),(50,1,'INV-20250601-1748783468424','2025-06-02','Nalroad','TN 36 AB 3882',118.00,18.00,18.00,9.00,9.00,'%',0.00,0.00,118.00,1,'2025-06-01 13:19:55','Cash',0.00),(51,1,'INV-20250601-1748784019693','2025-06-01','Nalroad','TN 36 AB 3882',20000.00,0.00,0.00,0.00,0.00,'%',0.00,0.00,20000.00,1,'2025-06-01 13:21:03','Cash',0.00),(52,1,'INV-20250601-1748784063646','2025-06-01','Nalroad','TN 36 AB 3882',20000.00,0.00,0.00,0.00,0.00,'%',0.00,0.00,20000.00,1,'2025-06-01 13:23:07','Cash',0.00),(53,1,'INV-20250601-1748784188308','2025-06-01','Nalroad','TN 36 AB 3882',2000.00,0.00,0.00,0.00,0.00,'%',0.00,0.00,2000.00,1,'2025-06-01 13:26:47','Cash',0.00),(54,1,'INV-20250601-1748784799669','2025-06-02','Nalroad','TN 36 AB 3882',1180.00,180.00,180.00,90.00,90.00,'%',0.00,0.00,1180.00,1,'2025-06-01 13:33:56','Cash',0.00),(55,1,'INV-20250601-1748785314719','2025-06-01','Nalroad','TN 36 AB 3882',1180.00,180.00,180.00,90.00,90.00,'%',0.00,0.00,1180.00,1,'2025-06-01 13:42:29','Cash',0.00),(56,1,'INV-20250601-1748785866553','2025-06-01','Nalroad','TN 36 AB 3882',2240.00,18.00,324.00,162.00,162.00,'%',200.00,1200.00,3240.00,1,'2025-06-01 13:54:17','Cash',0.00),(57,1,'INV-20250601-1748786103795','2025-06-01','Nalroad','TN 36 AB 3882',1660.00,18.00,221.76,110.88,110.88,'%',168.00,990.00,2482.00,1,'2025-06-01 13:55:34','Cash',0.00),(58,1,'INV-20250603-1748916932736','2025-06-03','Nalroad','TN 36 AB 3882',1542.00,18.00,210.60,105.30,105.30,'%',130.00,1200.00,2612.00,1,'2025-06-03 02:16:47','Cash',0.00),(59,1,'INV-20250603-1748917231105','2025-06-03','Nalroad','TN 36 AB 3882',1200.00,18.00,162.00,81.00,81.00,'%',100.00,120.00,1220.00,3,'2025-06-03 02:20:51','Cash',0.00),(60,1,'INV-20250603-1748936033457','2025-06-03','Nalroad','TN 36 AB 3882',1860.00,18.00,259.20,129.60,129.60,'%',160.00,1200.00,2900.00,3,'2025-06-03 07:35:46','Cash',0.00),(61,1,'INV-20250603-1748937154013','2025-06-03','Nalroad','TN 36 AB 3882',1462.00,18.00,88.92,44.46,44.46,'%',806.00,1200.00,1856.00,3,'2025-06-03 07:55:27','Cash',0.00),(62,1,'INV-20250603-1748938157432','2025-06-03','Nalroad','TN 36 AB 3882',158592.00,18.00,25488.00,12744.00,12744.00,'%',0.00,0.00,158592.00,3,'2025-06-03 08:09:47','Cash',0.00),(64,1,'INV-20250605-1749101206742','2025-06-05','Sathyamangalam','TN 36 AB 3882',2768.00,18.00,388.80,194.40,194.40,'%',240.00,200.00,2728.00,3,'2025-06-05 05:28:59','Cash',0.00),(65,1,'INV-20250606-1749190358873','2025-06-06','Nalroad','TN 36 AB 3882',2113.00,18.00,339.39,169.69,169.69,'%',209.50,1200.00,3103.50,3,'2025-06-06 06:13:30','Cash',0.00),(66,1,'INV-20250609-1749441763315','2025-06-09','Sathyamangalam','TN 36 AB 3882',23134.00,18.00,3658.93,1829.47,1829.47,'%',2258.60,1200.00,22075.40,3,'2025-06-09 04:04:21','Cash',0.00),(67,1,'INV-20250609-1749443011069','2025-06-09','Nalroad','TN 36 AB 3882',1344.00,18.00,194.40,97.20,97.20,'%',120.00,0.00,1224.00,3,'2025-06-09 04:23:45','Cash',0.00),(68,1,'INV-20250609-1749443345606','2025-06-09','Nalroad','TN 36 AB 3882',1344.00,18.00,194.40,97.20,97.20,'%',120.00,0.00,1224.00,3,'2025-06-09 04:29:19','Cash',0.00),(69,1,'INV-20250609-1749446531895','2025-06-09','Nalroad','TN 36 AB 3882',2688.00,18.00,435.46,217.73,217.73,'%',268.80,100.00,2954.66,3,'2025-06-09 05:22:50','Cash',0.00),(70,1,'INV-20250609-1749451646022','2025-06-09','Nalroad','TN 36 AB 3882',3030.00,18.00,490.86,245.43,245.43,'%',303.00,1200.00,4417.86,1,'2025-06-09 06:48:07','Cash',0.00),(71,1,'INV-20250609-1749458356994','2025-06-09','Nalroad','TN 36 AB 3882',542.00,18.00,87.80,43.90,43.90,'%',54.20,100.00,675.60,1,'2025-06-09 08:40:04','Cash',0.00),(72,1,'INV-20250609-1749464976206','2025-06-09','Nalroad','TN 36 AB 3882',1344.00,18.00,217.73,108.86,108.86,'%',134.40,100.00,1527.33,1,'2025-06-09 10:30:47','Cash',0.00),(73,1,'INV-20250609-1749465562550','2025-06-09','Nalroad','TN 36 AB 3882',22400.00,18.00,3628.80,1814.40,1814.40,'%',2240.00,1200.00,24988.80,1,'2025-06-09 10:39:58','Cash',0.00),(75,1,'INV-20250611-1749630609493','2025-06-11','Nalroad','TN 36 AB 3882',1344.00,18.00,212.89,106.44,106.44,'%',161.28,120.00,1515.61,2,'2025-06-11 08:30:47','Cash',0.00),(76,11,'INV-20250613-1749787899005','2025-06-13','Erode','TN 36 AB 3882',200.00,18.00,32.40,16.20,16.20,'%',20.00,120.00,332.40,3,'2025-06-13 04:12:01','Cash',0.00),(77,11,'INV-20250613-1749789362018','2025-06-13','Erode','TN 36 AB 3882',1344.00,18.00,-142.73,-71.37,-71.37,'%',2136.96,0.00,-935.69,2,'2025-06-13 04:36:17','Cash',0.00),(78,11,'INV-20250613-1749789377481','2025-06-13','Erode','TN 36 AB 3882',118.00,18.00,16.99,8.50,8.50,'%',23.60,0.00,111.39,2,'2025-06-13 04:36:36','Cash',0.00),(79,11,'INV-20250613-1749797933585','2025-06-13','Erode','TN 36 AB 3882',118.00,18.00,18.05,9.03,9.03,'%',17.70,0.00,118.35,2,'2025-06-13 06:59:13','Cash',0.00),(80,11,'INV-20250614-1749908652095','2025-06-13','Erode','TN 36 AB 3882',4747.00,18.00,726.29,363.15,363.15,'%',712.05,1200.00,5961.24,2,'2025-06-14 13:47:02','Cash',0.00),(81,1,'INV-20250614-1749910670377','2025-06-14','Nalroad','TN 36 AB 3882',1344.00,18.00,241.92,120.96,120.96,'%',0.00,1200.00,2785.92,2,'2025-06-14 14:18:24','Cash',0.00),(83,1,'INV-20250614-1749911010973','2025-06-14','Nalroad','TN 36 AB 3882',23134.00,180.00,33312.96,16656.48,16656.48,'%',4626.80,120000.00,171820.16,2,'2025-06-14 14:24:55','Cash',0.00),(84,11,'INV-20250615-1749965265957','2025-06-15','Erode','TN 36 AB 3882',3030.00,18.00,479.95,239.98,239.98,'%',363.60,0.00,3146.35,2,'2025-06-15 05:35:27','Cash',0.00),(85,11,'INV-20250615-1749966535165','2025-06-15','Erode','TN 36 AB 3882',2688.00,18.00,425.78,212.89,212.89,'%',322.56,120.00,2911.22,2,'2025-06-15 05:50:40','Cash',0.00),(86,1,'INV-190625-1886','2025-06-19','Nalroad','TN 36 AB 3882',224.00,18.00,40.32,20.16,20.16,'%',0.00,0.00,264.32,2,'2025-06-19 04:05:53','Cash',0.00),(87,1,'INV-250619-RPS','2025-06-19','Nalroad','TN 36 AB 3882',1200.00,18.00,216.00,108.00,108.00,'%',0.00,0.00,1416.00,2,'2025-06-19 04:23:49','Cash',0.00),(88,11,'INV-250622-YOG','2025-06-22','Erode','TN 36 AB 3882',1344.00,18.00,212.89,106.44,106.44,'%',161.28,0.00,1395.61,2,'2025-06-22 14:31:28','Cash',0.00),(89,1,'INV-250624-6NH','2025-06-24','Nalroad','TN 36 AB 3882',1344.00,18.00,212.89,106.44,106.44,'%',161.28,100.00,1495.61,2,'2025-06-24 13:22:27','Advance',120.00),(90,1,'INV-250624-WIN','2025-06-24','Nalroad','TN 36 AB 3882',1209.60,18.00,191.60,95.80,95.80,'%',145.15,120.00,1376.05,2,'2025-06-24 14:01:35','Advance',1000.00),(91,1,'INV-250625-8VE','2025-06-25','Nalroad','TN 36 AB 3882',13782.00,18.00,2232.68,1116.34,1116.34,'%',1378.20,1200.00,15836.48,2,'2025-06-25 09:55:34','Advance',1200.00),(92,1,'INV-250626-QSA','2025-06-26','Nalroad','TN 36 AB 3882',12096.00,18.00,1916.01,958.00,958.00,'%',1451.52,120.00,12680.49,2,'2025-06-26 08:18:14','Advance',120.00),(93,1,'INV-250626-9NU','2025-06-26','Nalroad','TN 36 AB 3882',22235.64,18.00,3482.10,1741.05,1741.05,'%',2890.63,1200.00,24027.11,2,'2025-06-26 08:40:47','Advance',2000.00),(94,1,'INV-250627-E5L','2025-06-27','Nalroad','TN 36 AB 3882',2660.40,18.00,421.41,210.70,210.70,'%',319.25,1200.00,3962.56,2,'2025-06-27 12:47:35','Online',0.00),(95,1,'INV-250627-J4C','2025-06-27','Nalroad','TN 36 AB 3882',1209.60,18.00,191.60,95.80,95.80,'%',145.15,1200.00,2456.05,2,'2025-06-27 14:20:52','Advance',1200.00),(96,1,'INV-250627-0TD','2025-06-27','Nalroad','TN 36 AB 3882',6718.64,18.00,1015.86,507.93,507.93,'%',1074.98,290.00,6949.52,2,'2025-06-27 17:06:29','Advance',1500.00),(97,1,'INV-250628-05V','2025-06-28','Sathyamangalam','TN 36 AB 3882',31339.12,18.00,4738.47,2369.24,2369.24,'%',5014.26,12000.00,43063.34,2,'2025-06-28 01:21:08','Online',0.00),(100,1,'INV-250628-MIK','2025-06-28','Nalroad','TN 36 AB 3882',2660.40,18.00,378.31,189.15,189.15,'%',558.68,100.00,2580.02,2,'2025-06-28 02:10:35','Advance',1300.00),(101,1,'INV-250628-2DF','2025-06-28','Nalroad','TN36 AB3882',3860.40,18.00,632.33,316.17,316.17,'%',347.44,100.00,4245.30,2,'2025-06-28 02:14:03','Advance',1000.00),(102,1,'INV-250628-EDX','2025-06-28','Sathyamangalam','TN 36 AB 3882',19290.16,18.00,3125.01,1562.50,1562.50,'%',1929.02,1000.00,21486.15,2,'2025-06-28 04:49:39','Advance',1200.00),(103,1,'INV-250628-WXG','2025-06-28','Nalroad','TN 36 AB 3882',5066.84,18.00,820.83,410.41,410.41,'%',506.68,100.00,5480.98,1,'2025-06-28 12:02:39','Advance',1000.00),(104,1,'INV-250628-LDT','2025-06-28','Nalroad','TN 36 AB 3882',3978.40,18.00,630.18,315.09,315.09,'%',477.41,100.00,4231.17,1,'2025-06-28 12:36:51','Advance',1000.00),(106,1,'INV-250628-INY','2025-06-28','Nalroad','TN 36 AB 3882',4145.52,18.00,656.65,328.33,328.33,'%',497.46,1230.00,5534.71,1,'2025-06-28 12:45:09','Online',0.00),(108,1,'INV-250629-D18','2025-06-29','Nalroad','TN36 AB3882',4185.84,18.00,753.45,376.73,376.73,'%',0.00,0.00,4939.29,1,'2025-06-29 03:18:01','Cash',0.00);
/*!40000 ALTER TABLE `invoices` ENABLE KEYS */;
UNLOCK TABLES;

--
-- Table structure for table `product_categories`
--

DROP TABLE IF EXISTS `product_categories`;
/*!40101 SET @saved_cs_client     = @@character_set_client */;
/*!50503 SET character_set_client = utf8mb4 */;
CREATE TABLE `product_categories` (
  `category_id` int NOT NULL AUTO_INCREMENT,
  `category_name` varchar(100) NOT NULL,
  `created_at` timestamp NULL DEFAULT CURRENT_TIMESTAMP,
  PRIMARY KEY (`category_id`),
  UNIQUE KEY `category_name` (`category_name`)
) ENGINE=InnoDB AUTO_INCREMENT=7 DEFAULT CHARSET=utf8mb4 COLLATE=utf8mb4_0900_ai_ci;
/*!40101 SET character_set_client = @saved_cs_client */;

--
-- Dumping data for table `product_categories`
--

LOCK TABLES `product_categories` WRITE;
/*!40000 ALTER TABLE `product_categories` DISABLE KEYS */;
INSERT INTO `product_categories` VALUES (1,'Electronics','2025-04-13 15:03:11'),(2,'Accessories','2025-04-13 15:03:11'),(3,'Fitness & Health','2025-04-13 15:03:11'),(4,'Smart Home','2025-04-13 15:03:11'),(5,'Kitchen Appliances','2025-04-13 15:03:11'),(6,'Health & Hygiene','2025-04-13 15:03:11');
/*!40000 ALTER TABLE `product_categories` ENABLE KEYS */;
UNLOCK TABLES;

--
-- Table structure for table `products`
--

DROP TABLE IF EXISTS `products`;
/*!40101 SET @saved_cs_client     = @@character_set_client */;
/*!50503 SET character_set_client = utf8mb4 */;
CREATE TABLE `products` (
  `product_id` int NOT NULL AUTO_INCREMENT,
  `product_name` varchar(255) NOT NULL,
  `hsn_code` varchar(20) NOT NULL,
  `category_id` int NOT NULL,
  `price` decimal(10,2) NOT NULL,
  `stock_quantity` int NOT NULL,
  `description` text,
  `image_url` varchar(255) DEFAULT NULL,
  `created_at` timestamp NULL DEFAULT CURRENT_TIMESTAMP,
  `updated_at` timestamp NULL DEFAULT CURRENT_TIMESTAMP ON UPDATE CURRENT_TIMESTAMP,
  `gst` decimal(5,2) NOT NULL DEFAULT '0.00',
  `c_gst` decimal(5,2) NOT NULL DEFAULT '0.00',
  `s_gst` decimal(5,2) NOT NULL DEFAULT '0.00',
  `discount` decimal(5,2) NOT NULL DEFAULT '0.00',
  `discount_price` decimal(10,2) GENERATED ALWAYS AS (round((`price` - ((`price` * `discount`) / 100)),2)) STORED,
  `is_traced` tinyint(1) NOT NULL DEFAULT '0',
  PRIMARY KEY (`product_id`),
  UNIQUE KEY `product_name` (`product_name`),
  KEY `category_id` (`category_id`),
  CONSTRAINT `products_ibfk_1` FOREIGN KEY (`category_id`) REFERENCES `product_categories` (`category_id`) ON DELETE CASCADE,
  CONSTRAINT `products_chk_1` CHECK ((`price` >= 0)),
  CONSTRAINT `products_chk_2` CHECK ((`stock_quantity` >= 0)),
  CONSTRAINT `products_chk_3` CHECK (((`gst` >= 0) and (`gst` <= 100))),
  CONSTRAINT `products_chk_4` CHECK (((`c_gst` >= 0) and (`c_gst` <= 100))),
  CONSTRAINT `products_chk_5` CHECK (((`s_gst` >= 0) and (`s_gst` <= 100))),
  CONSTRAINT `products_chk_6` CHECK (((`gst` >= 0) and (`gst` <= 300))),
  CONSTRAINT `products_chk_7` CHECK (((`c_gst` >= 0) and (`c_gst` <= 300))),
  CONSTRAINT `products_chk_8` CHECK (((`s_gst` >= 0) and (`s_gst` <= 300))),
  CONSTRAINT `products_chk_9` CHECK ((`discount` between 0 and 100))
) ENGINE=InnoDB AUTO_INCREMENT=75 DEFAULT CHARSET=utf8mb4 COLLATE=utf8mb4_0900_ai_ci;
/*!40101 SET character_set_client = @saved_cs_client */;

--
-- Dumping data for table `products`
--

LOCK TABLES `products` WRITE;
/*!40000 ALTER TABLE `products` DISABLE KEYS */;
INSERT INTO `products` (`product_id`, `product_name`, `hsn_code`, `category_id`, `price`, `stock_quantity`, `description`, `image_url`, `created_at`, `updated_at`, `gst`, `c_gst`, `s_gst`, `discount`, `is_traced`) VALUES (21,'Wireless Mouse','12345',1,599.00,147,'Ergonomic design with 2.4GHz connectivity','images/products/mouse.jpg','2025-04-13 15:03:11','2025-06-28 01:21:08',0.00,0.00,0.00,0.00,0),(28,'Smart LED Bulb (Wi-Fi Enabled)','12345',4,499.00,246,'Voice-controlled smart light with mobile app support','images/products/smart-bulb.jpg','2025-04-13 15:03:11','2025-06-28 01:21:08',0.00,0.00,0.00,0.00,0),(41,'Bluetooth Headphones','86786',1,1299.00,71,'Over-ear headphones with noise cancellation','images/products/headphones.jpg','2025-04-13 15:36:24','2025-06-28 01:21:08',0.00,0.00,0.00,0.00,0),(42,'Laptop Stand 2.0','32897',1,900.00,996,'Aluminum adjustable laptop stand useful for Laptops','images/products/laptop-stand.jpg','2025-04-13 15:36:24','2025-06-28 01:21:08',0.00,0.00,0.00,0.00,0),(43,'USB-C Hub','37289',2,900.00,585,'6-in-1 USB-C Hub with HDMI and card reader','images/products/usb-hub.jpg','2025-04-13 15:36:24','2025-06-28 01:21:08',0.00,0.00,0.00,0.00,0),(44,'Fitness Tracker Band','29749',3,1799.00,838,'Tracks steps, sleep, heart rate, and more','images/products/fitness-band.jpg','2025-04-13 15:36:24','2025-06-28 01:21:08',0.00,0.00,0.00,0.00,0),(45,'Portable Power Bank 10000mAh','24787',1,999.00,196,'Dual USB output fast charging power bank','images/products/powerbank.jpg','2025-04-13 15:36:24','2025-06-28 12:02:39',0.00,0.00,0.00,0.00,0),(46,'Gaming Keyboard','48723',1,2199.00,438,'RGB mechanical keyboard with blue switches','images/products/gaming-keyboard.jpg','2025-04-13 15:36:24','2025-06-28 01:21:08',0.00,0.00,0.00,0.00,0),(47,'Digital Weight Scale','48728',3,799.00,87,'Body weight scale with BMI calculation','images/products/weight-scale.jpg','2025-04-13 15:36:24','2025-06-28 01:21:08',0.00,0.00,0.00,0.00,0),(49,'Protein Shaker Bottle','32555',3,299.00,126,'700ml BPA-free with blending ball','images/products/shaker.jpg','2025-04-13 15:36:24','2025-06-28 01:21:08',0.00,0.00,0.00,0.00,0),(51,'Adjustable Dumbbells (Pair)','32445',3,2199.00,37,'Weight adjustable iron dumbbell set','images/products/dumbbells.jpg','2025-04-13 15:36:24','2025-06-28 01:21:08',0.00,0.00,0.00,0.00,0),(52,'Anti-Glare Screen Protector (15.6\")','25442',2,199.00,156,'Matte finish screen guard for laptops','images/products/screen-protector.jpg','2025-04-13 15:36:24','2025-06-28 01:21:08',0.00,0.00,0.00,0.00,0),(53,'Electric Hair Trimmer','56532',5,1199.00,62,'Cordless grooming trimmer with multiple heads','images/products/trimmer.jpg','2025-04-13 15:36:24','2025-06-28 01:21:08',0.00,0.00,0.00,0.00,0),(55,'Mobile Charging Cable (1.5m)','34254',1,199.00,245,'Durable braided USB cable with fast charging','images/products/charging-cable.jpg','2025-04-13 15:36:24','2025-06-28 01:21:08',0.00,0.00,0.00,0.00,0),(56,'Wireless Earbuds','87685',1,1499.00,92,'TWS earbuds with Bluetooth 5.0 and touch controls','images/products/earbuds.jpg','2025-04-13 15:36:24','2025-06-28 01:21:08',0.00,0.00,0.00,0.00,0),(57,'LED Desk Lamp','25344',4,799.00,76,'Touch-sensitive dimmable desk light with USB charging port','images/products/desk-lamp.jpg','2025-04-13 15:36:24','2025-06-28 01:21:08',0.00,0.00,0.00,0.00,0),(58,'Mobile Stand','34554',1,200.00,67,'Very useful for Mobile holding','images/products/mobile-stand.jpg','2025-04-14 07:17:16','2025-06-28 01:21:08',0.00,0.00,0.00,0.00,0),(61,'Mobile Stand 3.0','25466',5,2000.00,163,'Very useful','images/products/kettle.jpg','2025-04-14 11:06:01','2025-06-28 01:21:08',0.00,0.00,0.00,0.00,0),(62,'Car cover','75646',2,200.00,82,'Very handy','images/products/1744630686832-840685210.jpg','2025-04-14 11:21:25','2025-06-28 13:36:44',0.00,0.00,0.00,0.00,0),(64,'Book Stand','34556',2,100.00,32,'Very useful','images/products/1748153935127-329337065.jpg','2025-05-25 06:18:57','2025-06-29 03:18:01',18.00,9.00,9.00,0.00,0),(65,'Book','08972',2,1000.00,95,'Very useful','images/products/1748156842111-989622402.jpg','2025-05-25 07:08:57','2025-06-28 12:36:51',20.00,10.00,10.00,0.00,0),(66,'Book Shop 2.0','45678',2,100.00,151,'Very colorful and useful','images/products/1748157182783-157782053.jpg','2025-05-25 07:13:13','2025-06-29 05:48:48',18.00,9.00,9.00,0.00,1),(67,'Stationary','45678',2,200.00,870,'jnvjkrxjv vrduhvg','images/products/1748489506895-725628435.jpg','2025-05-29 03:33:07','2025-06-28 12:36:51',12.00,6.00,6.00,27.00,0),(69,'Table','12345',2,1200.00,30,'Very useful','images/products/1750487044544-603738472.jpg','2025-06-03 07:41:51','2025-06-29 04:22:56',12.00,6.00,6.00,13.00,0),(70,'Ear buds 3.0','12367',3,1200.00,66,'Very useful','images/products/1748971524717-776312589.jpg','2025-06-03 17:25:36','2025-06-29 04:22:46',12.00,6.00,6.00,10.00,1),(74,'Aeroplane','12345',2,2900.00,92,'Very useful','images/products/1750843562494-828935311.jpg','2025-06-25 09:26:05','2025-06-29 05:48:28',12.00,6.00,6.00,12.00,1);
/*!40000 ALTER TABLE `products` ENABLE KEYS */;
UNLOCK TABLES;

--
-- Table structure for table `stock_movements`
--

DROP TABLE IF EXISTS `stock_movements`;
/*!40101 SET @saved_cs_client     = @@character_set_client */;
/*!50503 SET character_set_client = utf8mb4 */;
CREATE TABLE `stock_movements` (
  `movement_id` int NOT NULL AUTO_INCREMENT,
  `product_id` int NOT NULL,
  `change_type` enum('IN','OUT') NOT NULL,
  `quantity_changed` int NOT NULL,
  `old_stock` int NOT NULL,
  `new_stock` int NOT NULL,
  `reason` varchar(255) DEFAULT NULL,
  `reference_id` varchar(100) DEFAULT NULL,
  `updated_by` varchar(100) DEFAULT NULL,
  `created_at` timestamp NULL DEFAULT CURRENT_TIMESTAMP,
  PRIMARY KEY (`movement_id`),
  KEY `product_id` (`product_id`),
  CONSTRAINT `stock_movements_ibfk_1` FOREIGN KEY (`product_id`) REFERENCES `products` (`product_id`) ON DELETE CASCADE,
  CONSTRAINT `stock_movements_chk_1` CHECK ((`quantity_changed` > 0)),
  CONSTRAINT `stock_movements_chk_2` CHECK ((`old_stock` >= 0)),
  CONSTRAINT `stock_movements_chk_3` CHECK ((`new_stock` >= 0))
) ENGINE=InnoDB AUTO_INCREMENT=191 DEFAULT CHARSET=utf8mb4 COLLATE=utf8mb4_0900_ai_ci;
/*!40101 SET character_set_client = @saved_cs_client */;

--
-- Dumping data for table `stock_movements`
--

LOCK TABLES `stock_movements` WRITE;
/*!40000 ALTER TABLE `stock_movements` DISABLE KEYS */;
INSERT INTO `stock_movements` VALUES (1,70,'OUT',109,119,10,'Stock modified via product modal',NULL,'Yogesh','2025-06-06 03:52:31'),(2,70,'IN',90,10,100,'Stock modified via product modal',NULL,'Yogesh','2025-06-06 03:53:06'),(3,70,'OUT',90,100,10,'Stock modified via product modal',NULL,'3','2025-06-06 04:22:56'),(4,70,'IN',190,10,200,'Stock modified via product modal',NULL,'admin','2025-06-06 04:26:14'),(5,70,'OUT',180,200,20,'Stock modified via product modal',NULL,'admin','2025-06-06 04:27:55'),(6,70,'IN',180,20,200,'Stock modified via product modal',NULL,'Siva','2025-06-06 04:29:19'),(7,70,'IN',104,196,300,'Stock modified via product modal',NULL,'Yogesh','2025-06-09 10:28:20'),(8,69,'IN',454,46,500,'Stock modified via product modal',NULL,'Yogesh','2025-06-09 10:28:41'),(9,69,'OUT',450,499,49,'Stock modified via product modal',NULL,'Yogesh','2025-06-09 10:31:49'),(10,67,'OUT',100,983,883,'Invoice #INV-20250609-1749465562550','73','1','2025-06-09 10:39:58'),(11,70,'OUT',300,300,0,'Stock modified via product modal',NULL,'Yogesh','2025-06-09 12:01:27'),(12,69,'OUT',1,49,48,'Invoice #INV-20250611-1749630609493','75','2','2025-06-11 08:30:47'),(13,62,'OUT',1,87,86,'Invoice #INV-20250613-1749787899005','76','3','2025-06-13 04:12:01'),(14,69,'OUT',1,48,47,'Invoice #INV-20250613-1749789362018','77','2','2025-06-13 04:36:17'),(15,66,'OUT',1,166,165,'Invoice #INV-20250613-1749789377481','78','2','2025-06-13 04:36:36'),(16,44,'IN',756,84,840,'Stock modified via product modal',NULL,'Kavin','2025-06-13 04:55:32'),(17,46,'IN',396,44,440,'Stock modified via product modal',NULL,'Kavin','2025-06-13 04:55:39'),(18,58,'OUT',660,730,70,'Stock modified via product modal',NULL,'Kavin','2025-06-13 04:55:45'),(19,70,'IN',100,0,100,'Stock modified via product modal',NULL,'Kavin','2025-06-13 04:55:52'),(20,70,'OUT',100,100,0,'Stock modified via product modal',NULL,'Kavin','2025-06-13 06:37:11'),(21,66,'OUT',1,165,164,'Invoice #INV-20250613-1749797933585','79','2','2025-06-13 06:59:13'),(22,70,'IN',100,0,100,'Stock modified via product modal',NULL,'Kavin','2025-06-14 13:43:07'),(23,66,'OUT',1,164,163,'Invoice #INV-20250614-1749908652095','80','2','2025-06-14 13:47:02'),(24,55,'OUT',1,248,247,'Invoice #INV-20250614-1749908652095','80','2','2025-06-14 13:47:02'),(25,62,'OUT',1,86,85,'Invoice #INV-20250614-1749908652095','80','2','2025-06-14 13:47:02'),(26,64,'OUT',1,38,37,'Invoice #INV-20250614-1749908652095','80','2','2025-06-14 13:47:02'),(27,65,'OUT',1,197,196,'Invoice #INV-20250614-1749908652095','80','2','2025-06-14 13:47:02'),(28,67,'OUT',1,883,882,'Invoice #INV-20250614-1749908652095','80','2','2025-06-14 13:47:02'),(29,69,'OUT',1,47,46,'Invoice #INV-20250614-1749908652095','80','2','2025-06-14 13:47:02'),(30,70,'OUT',1,100,99,'Invoice #INV-20250614-1749908652095','80','2','2025-06-14 13:47:02'),(31,70,'OUT',99,99,0,'Stock modified via product modal',NULL,'Kavin','2025-06-14 13:55:59'),(32,69,'OUT',1,46,45,'Invoice #INV-20250614-1749910670377','81','2','2025-06-14 14:18:24'),(57,70,'IN',100,0,100,'Stock modified via product modal',NULL,'Kavin','2025-06-14 14:23:29'),(58,21,'OUT',1,149,148,'Invoice #INV-20250614-1749911010973','83','2','2025-06-14 14:24:55'),(59,28,'OUT',1,248,247,'Invoice #INV-20250614-1749911010973','83','2','2025-06-14 14:24:55'),(60,41,'OUT',1,74,73,'Invoice #INV-20250614-1749911010973','83','2','2025-06-14 14:24:55'),(61,42,'OUT',1,999,998,'Invoice #INV-20250614-1749911010973','83','2','2025-06-14 14:24:55'),(62,43,'OUT',1,599,598,'Invoice #INV-20250614-1749911010973','83','2','2025-06-14 14:24:55'),(63,44,'OUT',1,840,839,'Invoice #INV-20250614-1749911010973','83','2','2025-06-14 14:24:55'),(64,45,'OUT',1,199,198,'Invoice #INV-20250614-1749911010973','83','2','2025-06-14 14:24:55'),(65,46,'OUT',1,440,439,'Invoice #INV-20250614-1749911010973','83','2','2025-06-14 14:24:55'),(66,47,'OUT',1,89,88,'Invoice #INV-20250614-1749911010973','83','2','2025-06-14 14:24:55'),(67,49,'OUT',1,128,127,'Invoice #INV-20250614-1749911010973','83','2','2025-06-14 14:24:55'),(68,51,'OUT',1,39,38,'Invoice #INV-20250614-1749911010973','83','2','2025-06-14 14:24:55'),(69,52,'OUT',1,158,157,'Invoice #INV-20250614-1749911010973','83','2','2025-06-14 14:24:55'),(70,53,'OUT',1,64,63,'Invoice #INV-20250614-1749911010973','83','2','2025-06-14 14:24:55'),(71,55,'OUT',1,247,246,'Invoice #INV-20250614-1749911010973','83','2','2025-06-14 14:24:55'),(72,56,'OUT',1,94,93,'Invoice #INV-20250614-1749911010973','83','2','2025-06-14 14:24:55'),(73,57,'OUT',1,78,77,'Invoice #INV-20250614-1749911010973','83','2','2025-06-14 14:24:55'),(74,58,'OUT',1,70,69,'Invoice #INV-20250614-1749911010973','83','2','2025-06-14 14:24:55'),(75,61,'OUT',1,166,165,'Invoice #INV-20250614-1749911010973','83','2','2025-06-14 14:24:55'),(76,62,'OUT',1,85,84,'Invoice #INV-20250614-1749911010973','83','2','2025-06-14 14:24:55'),(77,64,'OUT',1,37,36,'Invoice #INV-20250614-1749911010973','83','2','2025-06-14 14:24:55'),(78,65,'OUT',1,196,195,'Invoice #INV-20250614-1749911010973','83','2','2025-06-14 14:24:55'),(79,66,'OUT',1,163,162,'Invoice #INV-20250614-1749911010973','83','2','2025-06-14 14:24:55'),(80,67,'OUT',1,882,881,'Invoice #INV-20250614-1749911010973','83','2','2025-06-14 14:24:55'),(81,69,'OUT',1,45,44,'Invoice #INV-20250614-1749911010973','83','2','2025-06-14 14:24:55'),(82,70,'OUT',1,100,99,'Invoice #INV-20250614-1749911010973','83','2','2025-06-14 14:24:55'),(83,70,'OUT',1,99,98,'Invoice #INV-20250615-1749965265957','84','2','2025-06-15 05:35:27'),(84,67,'OUT',1,881,880,'Invoice #INV-20250615-1749965265957','84','2','2025-06-15 05:35:27'),(85,66,'OUT',1,162,161,'Invoice #INV-20250615-1749965265957','84','2','2025-06-15 05:35:27'),(86,69,'OUT',1,44,43,'Invoice #INV-20250615-1749965265957','84','2','2025-06-15 05:35:27'),(87,70,'OUT',1,98,97,'Invoice #INV-20250615-1749966535165','85','2','2025-06-15 05:50:40'),(88,69,'OUT',1,43,42,'Invoice #INV-20250615-1749966535165','85','2','2025-06-15 05:50:40'),(89,70,'OUT',97,97,0,'Stock modified via product modal',NULL,'Kavin','2025-06-15 06:55:16'),(90,67,'OUT',1,880,879,'Invoice #INV-190625-1886','86','2','2025-06-19 04:05:53'),(91,65,'OUT',1,195,194,'Invoice #INV-250619-RPS','87','2','2025-06-19 04:23:49'),(92,70,'IN',100,0,100,'Stock modified via product modal',NULL,'Kavin','2025-06-21 06:12:27'),(95,65,'OUT',94,194,100,'Stock modified via product modal',NULL,'Kavin','2025-06-21 08:36:51'),(96,70,'OUT',90,100,10,'Stock modified via product modal',NULL,'Kavin','2025-06-21 08:49:53'),(97,70,'IN',90,10,100,'Stock modified via product modal',NULL,'Kavin','2025-06-21 08:53:04'),(99,70,'OUT',1,100,99,'Invoice #INV-250622-YOG','88','2','2025-06-22 14:31:28'),(100,70,'OUT',1,99,98,'Invoice #INV-250624-6NH','89','2','2025-06-24 13:22:27'),(101,70,'OUT',1,98,97,'Invoice #INV-250624-WIN','90','2','2025-06-24 14:01:35'),(102,70,'OUT',10,97,87,'Invoice #INV-250625-8VE','91','2','2025-06-25 09:55:34'),(103,66,'OUT',1,161,160,'Invoice #INV-250625-8VE','91','2','2025-06-25 09:55:34'),(104,67,'OUT',1,879,878,'Invoice #INV-250625-8VE','91','2','2025-06-25 09:55:34'),(105,69,'OUT',1,42,41,'Invoice #INV-250625-8VE','91','2','2025-06-25 09:55:34'),(106,70,'OUT',10,87,77,'Invoice #INV-250626-QSA','92','2','2025-06-26 08:18:14'),(107,70,'OUT',1,77,76,'Invoice #INV-250626-9NU','93','2','2025-06-26 08:40:47'),(108,41,'OUT',1,73,72,'Invoice #INV-250626-9NU','93','2','2025-06-26 08:40:47'),(109,42,'OUT',1,998,997,'Invoice #INV-250626-9NU','93','2','2025-06-26 08:40:47'),(110,43,'OUT',12,598,586,'Invoice #INV-250626-9NU','93','2','2025-06-26 08:40:47'),(111,58,'OUT',1,69,68,'Invoice #INV-250626-9NU','93','2','2025-06-26 08:40:47'),(112,61,'OUT',1,165,164,'Invoice #INV-250626-9NU','93','2','2025-06-26 08:40:47'),(113,62,'OUT',1,84,83,'Invoice #INV-250626-9NU','93','2','2025-06-26 08:40:47'),(114,64,'OUT',1,36,35,'Invoice #INV-250626-9NU','93','2','2025-06-26 08:40:47'),(115,65,'OUT',1,100,99,'Invoice #INV-250626-9NU','93','2','2025-06-26 08:40:47'),(116,66,'OUT',1,160,159,'Invoice #INV-250626-9NU','93','2','2025-06-26 08:40:47'),(117,67,'OUT',1,878,877,'Invoice #INV-250626-9NU','93','2','2025-06-26 08:40:47'),(118,69,'OUT',1,41,40,'Invoice #INV-250626-9NU','93','2','2025-06-26 08:40:47'),(119,74,'OUT',1,60,59,'Invoice #INV-250626-9NU','93','2','2025-06-26 08:40:47'),(120,70,'OUT',1,76,75,'Invoice #INV-250627-E5L','94','2','2025-06-27 12:47:35'),(121,66,'OUT',1,159,158,'Invoice #INV-250627-E5L','94','2','2025-06-27 12:47:35'),(122,67,'OUT',1,877,876,'Invoice #INV-250627-E5L','94','2','2025-06-27 12:47:35'),(123,69,'OUT',1,40,39,'Invoice #INV-250627-E5L','94','2','2025-06-27 12:47:35'),(124,70,'OUT',1,75,74,'Invoice #INV-250627-J4C','95','2','2025-06-27 14:20:52'),(125,70,'OUT',1,74,73,'Invoice #INV-250627-0TD','96','2','2025-06-27 17:06:29'),(126,65,'OUT',1,99,98,'Invoice #INV-250627-0TD','96','2','2025-06-27 17:06:29'),(127,66,'OUT',1,158,157,'Invoice #INV-250627-0TD','96','2','2025-06-27 17:06:29'),(128,67,'OUT',1,876,875,'Invoice #INV-250627-0TD','96','2','2025-06-27 17:06:29'),(129,69,'OUT',1,39,38,'Invoice #INV-250627-0TD','96','2','2025-06-27 17:06:29'),(130,74,'OUT',1,59,58,'Invoice #INV-250627-0TD','96','2','2025-06-27 17:06:29'),(131,21,'OUT',1,148,147,'Invoice #INV-250628-05V','97','2','2025-06-28 01:21:08'),(132,28,'OUT',1,247,246,'Invoice #INV-250628-05V','97','2','2025-06-28 01:21:08'),(133,41,'OUT',1,72,71,'Invoice #INV-250628-05V','97','2','2025-06-28 01:21:08'),(134,42,'OUT',1,997,996,'Invoice #INV-250628-05V','97','2','2025-06-28 01:21:08'),(135,43,'OUT',1,586,585,'Invoice #INV-250628-05V','97','2','2025-06-28 01:21:08'),(136,44,'OUT',1,839,838,'Invoice #INV-250628-05V','97','2','2025-06-28 01:21:08'),(137,45,'OUT',1,198,197,'Invoice #INV-250628-05V','97','2','2025-06-28 01:21:08'),(138,46,'OUT',1,439,438,'Invoice #INV-250628-05V','97','2','2025-06-28 01:21:08'),(139,47,'OUT',1,88,87,'Invoice #INV-250628-05V','97','2','2025-06-28 01:21:08'),(140,49,'OUT',1,127,126,'Invoice #INV-250628-05V','97','2','2025-06-28 01:21:08'),(141,51,'OUT',1,38,37,'Invoice #INV-250628-05V','97','2','2025-06-28 01:21:08'),(142,52,'OUT',1,157,156,'Invoice #INV-250628-05V','97','2','2025-06-28 01:21:08'),(143,53,'OUT',1,63,62,'Invoice #INV-250628-05V','97','2','2025-06-28 01:21:08'),(144,55,'OUT',1,246,245,'Invoice #INV-250628-05V','97','2','2025-06-28 01:21:08'),(145,56,'OUT',1,93,92,'Invoice #INV-250628-05V','97','2','2025-06-28 01:21:08'),(146,57,'OUT',1,77,76,'Invoice #INV-250628-05V','97','2','2025-06-28 01:21:08'),(147,58,'OUT',1,68,67,'Invoice #INV-250628-05V','97','2','2025-06-28 01:21:08'),(148,61,'OUT',1,164,163,'Invoice #INV-250628-05V','97','2','2025-06-28 01:21:08'),(149,62,'OUT',1,83,82,'Invoice #INV-250628-05V','97','2','2025-06-28 01:21:08'),(150,64,'OUT',1,35,34,'Invoice #INV-250628-05V','97','2','2025-06-28 01:21:08'),(151,65,'OUT',1,98,97,'Invoice #INV-250628-05V','97','2','2025-06-28 01:21:08'),(152,66,'OUT',1,157,156,'Invoice #INV-250628-05V','97','2','2025-06-28 01:21:08'),(153,67,'OUT',1,875,874,'Invoice #INV-250628-05V','97','2','2025-06-28 01:21:08'),(154,69,'OUT',1,38,37,'Invoice #INV-250628-05V','97','2','2025-06-28 01:21:08'),(155,70,'OUT',1,73,72,'Invoice #INV-250628-05V','97','2','2025-06-28 01:21:08'),(156,74,'OUT',3,58,55,'Invoice #INV-250628-05V','97','2','2025-06-28 01:21:08'),(157,74,'OUT',55,55,0,'Stock modified via product modal',NULL,'Kavin','2025-06-28 01:32:31'),(161,66,'OUT',1,156,155,'Invoice #INV-250628-MIK','100','2','2025-06-28 02:10:35'),(162,67,'OUT',1,874,873,'Invoice #INV-250628-MIK','100','2','2025-06-28 02:10:35'),(163,69,'OUT',1,37,36,'Invoice #INV-250628-MIK','100','2','2025-06-28 02:10:35'),(164,70,'OUT',1,72,71,'Invoice #INV-250628-MIK','100','2','2025-06-28 02:10:35'),(165,65,'OUT',1,97,96,'Invoice #INV-250628-2DF','101','2','2025-06-28 02:14:03'),(166,66,'OUT',1,155,154,'Invoice #INV-250628-2DF','101','2','2025-06-28 02:14:03'),(167,67,'OUT',1,873,872,'Invoice #INV-250628-2DF','101','2','2025-06-28 02:14:03'),(168,69,'OUT',1,36,35,'Invoice #INV-250628-2DF','101','2','2025-06-28 02:14:03'),(169,70,'OUT',1,71,70,'Invoice #INV-250628-2DF','101','2','2025-06-28 02:14:03'),(170,74,'IN',100,0,100,'Stock modified via product modal',NULL,'Kavin','2025-06-28 04:33:20'),(171,74,'OUT',5,100,95,'Invoice #INV-250628-EDX','102','2','2025-06-28 04:49:39'),(172,70,'OUT',1,70,69,'Invoice #INV-250628-EDX','102','2','2025-06-28 04:49:39'),(173,66,'OUT',1,154,153,'Invoice #INV-250628-EDX','102','2','2025-06-28 04:49:39'),(174,67,'OUT',1,872,871,'Invoice #INV-250628-EDX','102','2','2025-06-28 04:49:39'),(175,69,'OUT',3,35,32,'Invoice #INV-250628-EDX','102','2','2025-06-28 04:49:39'),(176,70,'OUT',1,69,68,'Invoice #INV-250628-WXG','103','1','2025-06-28 12:02:39'),(177,74,'OUT',1,95,94,'Invoice #INV-250628-WXG','103','1','2025-06-28 12:02:39'),(178,45,'OUT',1,197,196,'Invoice #INV-250628-WXG','103','1','2025-06-28 12:02:39'),(179,66,'OUT',1,153,152,'Invoice #INV-250628-LDT','104','1','2025-06-28 12:36:51'),(180,64,'OUT',1,34,33,'Invoice #INV-250628-LDT','104','1','2025-06-28 12:36:51'),(181,65,'OUT',1,96,95,'Invoice #INV-250628-LDT','104','1','2025-06-28 12:36:51'),(182,67,'OUT',1,871,870,'Invoice #INV-250628-LDT','104','1','2025-06-28 12:36:51'),(183,69,'OUT',1,32,31,'Invoice #INV-250628-LDT','104','1','2025-06-28 12:36:51'),(184,70,'OUT',1,68,67,'Invoice #INV-250628-LDT','104','1','2025-06-28 12:36:51'),(185,69,'OUT',1,31,30,'Invoice #INV-250628-INY','106','1','2025-06-28 12:45:09'),(186,66,'OUT',1,152,151,'Invoice #INV-250628-INY','106','1','2025-06-28 12:45:09'),(187,74,'OUT',1,94,93,'Invoice #INV-250628-INY','106','1','2025-06-28 12:45:09'),(188,70,'OUT',1,67,66,'Invoice #INV-250629-D18','108','1','2025-06-29 03:18:01'),(189,74,'OUT',1,93,92,'Invoice #INV-250629-D18','108','1','2025-06-29 03:18:01'),(190,64,'OUT',1,33,32,'Invoice #INV-250629-D18','108','1','2025-06-29 03:18:01');
/*!40000 ALTER TABLE `stock_movements` ENABLE KEYS */;
UNLOCK TABLES;

--
-- Table structure for table `users`
--

DROP TABLE IF EXISTS `users`;
/*!40101 SET @saved_cs_client     = @@character_set_client */;
/*!50503 SET character_set_client = utf8mb4 */;
CREATE TABLE `users` (
  `user_id` int NOT NULL AUTO_INCREMENT,
  `first_name` varchar(100) NOT NULL,
  `last_name` varchar(100) NOT NULL,
  `mobile_number` varchar(20) NOT NULL,
  `email` varchar(150) NOT NULL,
  `password_hash` varchar(255) NOT NULL,
  `role` enum('admin','cashier','customer') NOT NULL,
  `status` enum('active','inactive') DEFAULT 'active',
  `created_at` timestamp NULL DEFAULT CURRENT_TIMESTAMP,
  PRIMARY KEY (`user_id`),
  UNIQUE KEY `mobile_number` (`mobile_number`),
  UNIQUE KEY `email` (`email`)
) ENGINE=InnoDB AUTO_INCREMENT=31 DEFAULT CHARSET=utf8mb4 COLLATE=utf8mb4_0900_ai_ci;
/*!40101 SET character_set_client = @saved_cs_client */;

--
-- Dumping data for table `users`
--

LOCK TABLES `users` WRITE;
/*!40000 ALTER TABLE `users` DISABLE KEYS */;
INSERT INTO `users` VALUES (1,'YOGESH','S','9080901518','1@gmail.com','123','admin','active','2025-04-14 08:19:25'),(2,'Kavin','S','9659650791','2@gmail.com','123','admin','active','2025-04-14 08:19:25'),(3,'Siva','S','9600313884','3@gmail.com','123','customer','active','2025-04-14 08:19:25'),(12,'Rahu','S','9080997678','4@gmail.com','123','admin','active','2025-06-28 08:44:14'),(13,'YOGESH','S','09080901518','5@gmail.com','123','cashier','active','2025-06-28 08:46:18'),(14,'Ravi','S','9487264321','6@gmail.com','123','customer','active','2025-06-28 08:55:49'),(18,'Rahul','S','9487264389','7@gmail.com','123','customer','active','2025-06-29 05:50:50');
/*!40000 ALTER TABLE `users` ENABLE KEYS */;
UNLOCK TABLES;
/*!40103 SET TIME_ZONE=@OLD_TIME_ZONE */;

/*!40101 SET SQL_MODE=@OLD_SQL_MODE */;
/*!40014 SET FOREIGN_KEY_CHECKS=@OLD_FOREIGN_KEY_CHECKS */;
/*!40014 SET UNIQUE_CHECKS=@OLD_UNIQUE_CHECKS */;
/*!40101 SET CHARACTER_SET_CLIENT=@OLD_CHARACTER_SET_CLIENT */;
/*!40101 SET CHARACTER_SET_RESULTS=@OLD_CHARACTER_SET_RESULTS */;
/*!40101 SET COLLATION_CONNECTION=@OLD_COLLATION_CONNECTION */;
/*!40111 SET SQL_NOTES=@OLD_SQL_NOTES */;

-- Dump completed on 2025-06-29 13:10:46
